Word ,Meaning
4YEO,For Your Eyes Only
AAMOF                         ,As a Matter of Fact
ACK                                ,Acknowledgment
AFAIK                           ,As far as I know
AFAIR                        ,As far as I remember 
AFK                              ,Away from Keyboard
AKA                         ,Also known as
B2K                       ,Back to Keyboard
BTT                            ,Back to Topic
BTW                             ,By the Way
B/C                               ,Because
C&P                             ,Copy and Paste
CU                              ,See you
CYS                          ,Check your Settings
DIY                              ,Do it Yourself
EOBD                      ,End of Business Day
EOD                              ,End of Discussion
EOM                            ,End of Message
EOT                                  ,End of Thread 
FAQ                                  ,Frequently asked Questions
FACK                                  ,Full Acknowledge
FKA                                     ,Formerly known as
FWIW                                ,For what it's Worth
FYI                           , For your Information
FTW                                ,Fuck the World / For the Win
HF                                    ,Have fun
HTH                                     ,Hope this Helps
IDK                                     ,I don't know
IIRC                                    ,If I Recall  Correctly
IMHO                                  ,In my Humble Opinion
IMO                               ,In my Opinion
IMNSHO                              ,In my not so Humble Opinion
IOW                             ,In other Words
ITT                             ,In this Thread
LOL                                      ,Laughing out loud
DGMW                                     ,Don't get me wrong
2,to / too
4,for
B ,be
R,are
U,you
Y,why
MMW,Mark my Words
N/A,Not Available / Applicable
NaN,Not a Number
NNTR,No need to Reply
noob n00b,Newbie
NOYB,None of your Business
NRN,No Reply Necessary
OMG,Oh my God
OP,"Original Poster, Original Post, Over Powered"
OT,Off Topic
OTOH,On the other Hand
PEBKAC,Problem exists between Keyboard and Chair
POV,Point of View
ROTFL,Rolling on the Floor Laughing
RSVP,Repondez s'il vous plait (French: Please reply)
RTFM,Read the fine Manual
SCNR,"Sorry, could not Resist"
SFLR,"Sorry, for late Reply"
SPOC,Single Point of Contact
TBA,To be Announced
TBC,To be Continued / To be Confirmed
TIA,Thanks in Advance
TGIF,Thanks God its Friday
THX TNX,Thanks
TQ,Thank You
TYVM,Thank You Very Much
TYT,Take your Time
TTYL,Talk to you Later
w00t,"Whoomp, there it is; Meaning ""Hooray"""
WFM,Works for Me
WRT,With Regard to
WTH,What the Hell / What the Heck
WTF,What the Fuck
YMMD,You made my Day
YMMV,Your Mileage may vary
YAM,Yet Another Meeting
ICYMI,In Case you missed it
2moro,Tomorrow
2nte,Tonight
AEAP,As Early as Possible
ALAP,As Late as Possible
ASAP,As Soon as Possible
ASL,Age / Sex / Location?
B3,Blah, Blah, Blah
B4YKI,Before You Know it
BFF,Best Friends, Forever
BM&Y,Between Me and You
BRB,Be right Back
BRT,Be right There
BTAM,Be that as it May
C-P,Sleepy
CTN,Cannot talk now
CUS,See You Soon
CWOT,Complete Waste of Time
CYT,See You Tomorrow
E123,Easy as 1, 2, 3
EM?,Excuse Me?
EOD,End of Day
F2F,Face to Face
FC,Fingers Crossed
FOAF,Friend of a Friend
GR8,Great
HAK,Hugs and Kisses
IDC,I Don't Care
IDK,I Don't Know
ILU,I Love You
ILY,I Love You
IMU,I Miss You
IRL,In Real Life
JK,Just Kidding
JC,Just Checking
JTLYK,Just to Let You Know
KFY,Kiss for You
KMN,Kill Me Now
KPC,Keeping Parents Clueless
L8R,Later
MoF,Male or Female
MTFBWY,May the Force be with You
MYOB,Mind Your Own Business
N-A-Y-L,In a While
NAZ,Name, Address, ZIP
NC,No Comment
NIMBY,Not in my Backyard
NM,Never Mind / Nothing Much
NP,No Problem
NSFW,Not Safe for Work
NTIM,Not that it Matters
NVM,Never Mind
OATUS,On a totally Unrelated Subject
OIC,"Oh, I See"
OMW,On My Way
OTL,Out to Lunch
OTP,On the Phone
P911,Parent Alert
PAL,Parents are Listening
PAW,Parents are Watching
PIR,Parent in Room
POS,Parent over Shoulder
PROPS,Proper Respect 
PROP,Proper Recognition
QT,Cutie
RN,Right Now
RU,Are You
SEP,Someone else's Problem
SITD,Still in the Dark
SLAP,Sounds like a Plan
SMIM,Send Me an Instant Message
SO,Significant Other
TMI,Too Much Information
UR,You are
W8,Wait
WB,Welcome Back
WYCM,Will You Call Me?
WYWH,Wish You Were Here
XOXOXOX, Hugs, Kisses, ...
approx.,approximately
appt.,appointment
apt.,apartment
A.S.A.P.,as soon as possible
B.Y.O.B.,bring your own bottle
c/o,"care of, used when sending mail to someone who's not at their usual address"
dept.,department
D.I.Y.,Do it yourself
est.,established
E.T.A.,estimated time of arrival
min.,minute or minimum
misc.,miscellaneous
Mr.,Mister
Mrs.,Mistress (pronounced Missus)
no.,number
R.S.V.P.,"RÃ©pondez,please reply: ""yes, we will attend,"" or ""no, we will not."""
tel.,telephone
temp.,temperature or temporary
vet.,veteran or veterinarian
vs.,versus
tsp,teaspoon/teaspoons
"tbs, tbsp",tablespoon/tablespoons
c,cup/cups
gal,gallon
lb,pound/pounds
pt,pint
qt,quar
Ave.,Avenue
Blvd.,Boulevard
Cyn.,Canyon
Dr.,Drive
Ln.,Lane
Rd.,Road
St.,Street
NE,northeast
NW,northwest
SE,southeast
SW,southwest
W,west
BA,Bachelor of Arts
BS,Bachelor of Science
MA,Master of Arts
M.PHIL/MPHIL,Master of Philosophy
JD,Juris Doctor
DC,Doctor of Chiropractic
PA,Personal Assistant
MD,Managing Director
VP,Vice President
SVP,Senior Vice President
EVP,Executive Vice President
CMO,Chief Marketing Officer
CFO,Chief Financial Officer
CEO,Chief Executive Officer
ACE,a cool experience
AD,awesome dude
AFAIK,as far as I know
AFK,away from keyboard
ANI,age not important
BRB,be right back
CUL,see you later
CWYL,chat with you later
IIRC,if I recall/remember correctly
IQ,ignorance quotient
LOL,laugh out loud
NP,no problem
ROFL,rolling on the floor laughing
TY,thank you
WC,wrong conversation
e.g.,example given
etc,and other things
i.e.,that is
n.b.,take notice/ note well
P.S.,written after
viz,namely
ab,about
ac,according
af,after
afw,afterward
ag(st),against
alr,already
al(th),although
alw,always
(be)f,before
(be)l,below
(be)s,beside
(be)y,beyond
brl,braille
f(st),first
gd,good
imm,immediate letter
ll,little
nec,necessary
pd,paid
qk,quick
tgr,together
(sh)d,should
ei,either
m(ch),much
td,today
tm,tomorrow
hmf,himself
xf,itself
yrf,yourself
h(er)f,herself
(one)f,oneself
(the)mvs,themselves
dcl,declare
rjc,rejoice
(con)cv,conceive
dcv,deceive
p(er)cv,perceive
rcv,receive
abv,above
acr,across
afn,afternoon
ag,again
alm,almost
al,also
alt,altogether
(be)c,because
(be)h,behind
(be)n,beneath
(be)t,between
bl,blind
(ch)n,children
fr,friend
grt,great
lr,letter
m(st),must
o'c,o'clock
p(er)h,perhaps
sd,said
cd,could
wd,would
nei,neither
s(ch),such
tn,tonight
hm,him
xs,its
yr,your
yrvs,yourselves
myf,myself
(ou)rvs,ourselves
(th)yf,thyself
dclg,declaring
rjcg,rejoicing
(con)cvg,conceiving
dcvg,deceiving
p(er)cvg,perceiving
rcvg,receiving
LMK,Let me know
TBA,To be announced
TBH,To be honest
TBC,To be confirmed
TGIF,Thank God its Friday
DIY,Do it yourself
BRB,Be right back
IMO,In my opinion
IDK,I don't know
AKA,Also known as
NA,Not available
IRL,In real life
RT,Retweet
WDYMBT,What do you mean by that
GTR,Getting ready
TBT,Throwback Thursday
NBD,No big deal
ICYMI,In case you missed it
LBD, Little Black Dress
FOMO, Fear Of Missing Out
BFFS, Best Friends
OOTD, Outfit Of The Day 
Sat, Saturday
Mon, Monday
Tue, Tuesday
Wed, Wednesday
Thu, Thursday
Fri, Friday
WFH, Work From Home